<ConsultarLoteRpsResposta xmlns:ns2="http://www.w3.org/2000/09/xmldsig#" xmlns="http://www.abrasf.org.br/nfse.xsd">
    <Situacao>4</Situacao>
    <ListaNfse>
        <CompNfse>
            <Nfse versao="2.01">
                <InfNfse>
                    <Numero>327</Numero>
                    <CodigoVerificacao>3816533</CodigoVerificacao>
                    <DataEmissao>2015-08-28T12:00:00.000-03:00</DataEmissao>
                    <ValoresNfse>
                        <BaseCalculo>27082.18</BaseCalculo>
                        <Aliquota>2.00</Aliquota>
                        <ValorIss>541.64</ValorIss>
                        <ValorLiquidoNfse>27082.18</ValorLiquidoNfse>
                    </ValoresNfse>
                    <PrestadorServico>
                        <IdentificacaoPrestador>
                            <CpfCnpj>
                                <Cnpj>18841704000152</Cnpj>
                            </CpfCnpj>
                            <InscricaoMunicipal>28884</InscricaoMunicipal>
                        </IdentificacaoPrestador>
                        <RazaoSocial>ITAMAR JUNIOR SOUSA CUNHA .</RazaoSocial>
                        <NomeFantasia>GOIAS COMERCIO E SERVICOS HIDRAULICOS</NomeFantasia>
                        <Endereco>
                            <Endereco>AV.PAUZANES DE CARVALHO</Endereco>
                            <Numero>SN</Numero>
                            <Bairro>ST.PAUZANES</Bairro>
                            <CodigoMunicipio>5218805</CodigoMunicipio>
                            <Uf>GO</Uf>
                            <Cep>75903060</Cep>
                        </Endereco>
                    </PrestadorServico>
                    <OrgaoGerador>
                        <CodigoMunicipio>5218805</CodigoMunicipio>
                        <Uf>GO</Uf>
                    </OrgaoGerador>
                    <DeclaracaoPrestacaoServico>
                        <InfDeclaracaoPrestacaoServico>
                            <Rps>
                                <IdentificacaoRps>
                                    <Numero>54</Numero>
                                    <Serie>U</Serie>
                                    <Tipo>1</Tipo>
                                </IdentificacaoRps>
                                <Status>1</Status>
                            </Rps>
                            <Competencia>2015-08-01T12:00:00.000-03:00</Competencia>
                            <Servico>
                                <Valores>
                                    <ValorServicos>27082.1800</ValorServicos>
                                    <ValorDeducoes>0.00</ValorDeducoes>
                                    <ValorIss>541.64</ValorIss>
                                    <Aliquota>2.00</Aliquota>
                                    <DescontoIncondicionado>0.00</DescontoIncondicionado>
                                </Valores>
                                <IssRetido>2</IssRetido>
                                <ItemListaServico>14.01</ItemListaServico>
                                <Discriminacao>SERVICO INSTALACAO KIT HIDRAULICO(R$649,44) / SERVICO INSTALACAO KIT HIDRAULICO(R$649,44) / SERVICO INSTALACAO KIT HIDRAULICO(R$649,44) / SERVICO INSTALACAO KIT HIDRAULICO(R$649,44) / SERVICO INSTALACAO KIT HIDRAULICO(R$649,44) / SERVICO INSTALACAO KIT HIDRAULICO(R$649,44) / MAO DE OBRA(R$238,59) / MAO DE OBRA(R$424,47) / REVISAR VALVULA TRANSBORDO(2 X R$152,81) / REABRIR ROSCA VALVULA(2 X R$16,98) / MAO DE OBRA(R$721,60) / MAO DE OBRA(R$424,47) / SERVICO INSTALACAO KIT HIDRAULICO(R$0,02) / MAO DE OBRA(R$424,47) / MAO DE OBRA(R$424,47) / REVISAR VALVULA TRANSBORDO(2 X R$152,81) / REABRIR ROSCA VALVULA(2 X R$16,98) / MAO DE OBRA(R$721,60) / REVISAR VALVULA TRANSBORDO(2 X R$152,81) / REABRIR ROSCA VALVULA(2 X R$16,98) / MAO DE OBRA(R$721,60) / REVISAR VALVULA TRANSBORDO(2 X R$152,81) / REABRIR ROSCA VALVULA(2 X R$16,98) / MAO DE OBRA(R$721,60) / MAO DE OBRA(R$721,60) / REVISAR SISTEMA HDIRAULICO E PNEUMATICO(R$0,02) / REVISAR VALVULA TRANSBORDO(2 X R$152,81) / REABRIR ROSCA VALVULA(2 X R$16,98) / MAO DE OBRA(R$721,60) / MAO DE OBRA(R$721,60) / MAO DE OBRA(R$424,47) / MAO DE OBRA(R$424,47) / REVISAR VALVULA TRANSBORDO(2 X R$152,81) / REABRIR ROSCA VALVULA(2 X R$16,98) / MAO DE OBRA(R$721,60) / MAO DE OBRA(R$721,60) / REVISAR VALVULA TRANSBORDO(2 X R$152,81) / REABRIR ROSCA VALVULA(2 X R$16,98) / MAO DE OBRA(R$721,60) / MAO DE OBRA(R$721,60) / MAO DE OBRA(R$424,47) / REVISAR VALVULA TRANSBORDO(2 X R$152,81) / REABRIR ROSCA VALVULA(2 X R$16,98) / MAO DE OBRA(R$721,60) / MAO DE OBRA(R$721,60) / MAO DE OBRA(R$424,47) / MAO DE OBRA(R$424,47) / MAO DE OBRA(R$424,47) / REVISAR VALVULA TRANSBORDO(2 X R$152,81) / REABRIR ROSCA VALVULA(2 X R$16,98) / MAO DE OBRA(R$721,60) / MAO DE OBRA(R$721,60) / REVISAR VALVULA TRANSBORDO(2 X R$152,81) / REABRIR ROSCA VALVULA(2 X R$16,98) / MAO DE OBRA(R$721,60) / MAO DE OBRA(R$424,47) / REVISAR VALVULA TRANSBORDO(2 X R$152,81) / REABRIR ROSCA VALVULA(2 X R$16,98) / MAO DE OBRA(R$721,60) / REVISAR VALVULA TRANSBORDO(2 X R$152,81) / REABRIR ROSCA VALVULA(6 X R$16,98) / MAO DE OBRA(R$721,60) / MAO DE OBRA(R$424,47) / MAO DE OBRA(R$721,60) PEDIDO DE COMPRA N 4877 DEPOSITO EM CONTA CORRENTE BANCO ITAU AGENCIA 4374 CONTA CORRENTE 36603-9 DATA VENCIMENTO DIA 31/08/2015 C.Pagto: 06 - DEPOSITO BANCARIO-Usr: EDMUNDO</Discriminacao>
                                <CodigoMunicipio>5218805</CodigoMunicipio>
                                <ExigibilidadeISS>0</ExigibilidadeISS>
                            </Servico>
                            <Prestador>
                                <CpfCnpj>
                                    <Cnpj>18841704000152</Cnpj>
                                </CpfCnpj>
                                <InscricaoMunicipal>28884</InscricaoMunicipal>
                            </Prestador>
                            <Tomador>
                                <IdentificacaoTomador>
                                    <CpfCnpj>
                                        <Cnpj>52548435016849</Cnpj>
                                    </CpfCnpj>
                                    <InscricaoMunicipal>0</InscricaoMunicipal>
                                </IdentificacaoTomador>
                                <RazaoSocial>JSL S.A</RazaoSocial>
                                <Endereco>
                                    <Endereco>Isso foi um teste, isso foi um teste ... isso foi um teste... outro teste! Av. Federal n� 340Isso foi um teste, isso foi um t</Endereco>
                                    <Numero>1234567891</Numero>
                                    <Bairro>asdhf uiashdfui asdhui fhsduifhasuidfh iasdf hsadkfh askljdf</Bairro>
                                    <Cep>75900000</Cep>
                                </Endereco>
                                <Contato>
                                    <Telefone>6423777000</Telefone>
                                </Contato>
                            </Tomador>
                            <OptanteSimplesNacional>1</OptanteSimplesNacional>
                            <IncentivoFiscal>0</IncentivoFiscal>
                        </InfDeclaracaoPrestacaoServico>
                    </DeclaracaoPrestacaoServico>
                </InfNfse>
            </Nfse>
        </CompNfse>
    </ListaNfse>
    <ListaMensagemRetorno/>
</ConsultarLoteRpsResposta>